Comment,Designator,Footprint,LCSC
~,P12,Cap_Touch_Ring_Medium,
74HC595,U8,TSSOP-16_4.4x5mm_P0.65mm,
74HC595,U6,TSSOP-16_4.4x5mm_P0.65mm,
74HC595,U5,TSSOP-16_4.4x5mm_P0.65mm,
74HC595,U4,TSSOP-16_4.4x5mm_P0.65mm,
SP3485CN,U3,SOIC-8_3.9x4.9mm_P1.27mm,
ESP32-S3-WROOM-1,U2,ESP32-S3-WROOM-1,
AZ1117CH2-3.3,U1,SOT-223,
SCK,TP9,TestPoint_Pad_D1.0mm,
SCL,TP8,TestPoint_Pad_D1.0mm,
DATA,TP7,TestPoint_Pad_D1.0mm,
CLOCK,TP6,TestPoint_Pad_D1.0mm,
LATCH,TP5,TestPoint_Pad_D1.0mm,
IO14,TP4,TestPoint_Pad_D1.0mm,
3V3,TP3,TestPoint_Pad_D1.0mm,
TestPoint,TP2,TestPoint_Pad_D1.0mm,
TestPoint,TP1,TestPoint_Pad_D1.0mm,
10k,R133,R_0603_1608Metric,
10k,R132,R_0603_1608Metric,
10k,R131,R_0603_1608Metric,
10k,R119,R_0603_1608Metric,
10k,R109,R_0603_1608Metric,
47k,R108,R_0603_1608Metric,
10k,R107,R_0603_1608Metric,
10k,R101,R_0603_1608Metric,
10k,R100,R_0603_1608Metric,
10k,R99,R_0603_1608Metric,
10k,R98,R_0603_1608Metric,
10k,R97,R_0603_1608Metric,
10k,R96,R_0603_1608Metric,
470R 1/2W,R95,R_1206_3216Metric,
470R 1/2W,R91,R_1206_3216Metric,
470R 1/2W,R89,R_1206_3216Metric,
470R 1/2W,R87,R_1206_3216Metric,
470R 1/2W,R85,R_1206_3216Metric,
470R 1/2W,R83,R_1206_3216Metric,
470R 1/2W,R81,R_1206_3216Metric,
470R 1/2W,R79,R_1206_3216Metric,
470R 1/2W,R73,R_1206_3216Metric,
470R 1/2W,R65,R_1206_3216Metric,
470R 1/2W,R59,R_1206_3216Metric,
470R 1/2W,R57,R_1206_3216Metric,
470R 1/2W,R55,R_1206_3216Metric,
470R 1/2W,R53,R_1206_3216Metric,
470R 1/2W,R51,R_1206_3216Metric,
470R 1/2W,R49,R_1206_3216Metric,
470R 1/2W,R47,R_1206_3216Metric,
470R 1/2W,R45,R_1206_3216Metric,
470R 1/2W,R43,R_1206_3216Metric,
470R 1/2W,R41,R_1206_3216Metric,
470R 1/2W,R39,R_1206_3216Metric,
470R 1/2W,R37,R_1206_3216Metric,
470R 1/2W,R35,R_1206_3216Metric,
470R 1/2W,R33,R_1206_3216Metric,
470R 1/2W,R31,R_1206_3216Metric,
470R 1/2W,R29,R_1206_3216Metric,
470R 1/2W,R27,R_1206_3216Metric,
470R 1/2W,R25,R_1206_3216Metric,
10k,R23,R_0603_1608Metric,
10k,R22,R_0603_1608Metric,
0R,R21,R_0603_1608Metric,
0R,R20,R_0603_1608Metric,
0R,R19,R_0603_1608Metric,
0R,R18,R_0603_1608Metric,
0R,R17,R_0603_1608Metric,
0R,R16,R_0603_1608Metric,
3.3k-8k,R15,R_0603_1608Metric,
10k,R14,R_0603_1608Metric,
3.3k-8k,R13,R_0603_1608Metric,
100k,R12,R_0603_1608Metric,
5k1,R8,R_0603_1608Metric,
5k1,R7,R_0603_1608Metric,
R,R6,R_0603_1608Metric,
R,R5,R_0603_1608Metric,
R,R4,R_0603_1608Metric,
R,R3,R_0603_1608Metric,
NMOS,Q37,TSOT-23,
NMOS,Q18,TSOT-23,
NMOS,Q17,TSOT-23,
NMOS,Q16,TSOT-23,
NMOS,Q15,TSOT-23,
NMOS,Q14,TSOT-23,
NMOS,Q13,TSOT-23,
NMOS,Q12,TSOT-23,
NMOS,Q11,TSOT-23,
NMOS,Q10,TSOT-23,
NMOS,Q9,TSOT-23,
NMOS,Q8,TSOT-23,
NMOS,Q7,TSOT-23,
NMOS,Q6,TSOT-23,
NMOS,Q5,TSOT-23,
NMOS,Q4,TSOT-23,
NMOS,Q3,TSOT-23,
NMOS,Q2,TSOT-23,
PMOS,Q1,SOT-23,
~,P36,Cap_Touch_Ring_Cutout,
~,P35,Cap_Touch_Ring_Cutout,
~,P34,Cap_Touch_Ring_Cutout,
~,P33,Cap_Touch_Ring_Cutout,
~,P32,Cap_Touch_Ring_Cutout,
~,P31,Cap_Touch_Ring_Cutout,
~,P30,Cap_Touch_Ring_Large_Bottom,
~,P29,Cap_Touch_Ring_Large_Bottom,
~,P28,Cap_Touch_Ring_Large_Bottom,
~,P27,Cap_Touch_Ring_Large_Bottom,
~,P26,Cap_Touch_Ring_Large_Bottom,
~,P25,Cap_Touch_Ring_Large_Bottom,
~,P24,Cap_Touch_Ring_Medium_Bottom,
~,P23,Cap_Touch_Ring_Medium_Bottom,
~,P22,Cap_Touch_Ring_Medium_Bottom,
~,P21,Cap_Touch_Ring_Medium_Bottom,
~,P20,Cap_Touch_Ring_Medium_Bottom,
~,P19,Cap_Touch_Ring_Medium_Bottom,
~,P18,Cap_Touch_Ring_Large,
~,P17,Cap_Touch_Ring_Large,
~,P16,Cap_Touch_Ring_Large,
~,P15,Cap_Touch_Ring_Large,
~,P14,Cap_Touch_Ring_Large,
~,P13,Cap_Touch_Ring_Large,
~,P11,Cap_Touch_Ring_Medium,
~,P10,Cap_Touch_Ring_Medium,
~,P9,Cap_Touch_Ring_Medium,
~,P8,Cap_Touch_Ring_Medium,
~,P7,Cap_Touch_Ring_Medium,
~,P6,Cap_Touch_Ring_Small,
~,P5,Cap_Touch_Ring_Small,
~,P4,Cap_Touch_Ring_Small,
~,P3,Cap_Touch_Ring_Small,
~,P2,Cap_Touch_Ring_Small,
~,P1,Cap_Touch_Ring_Small,
XLR5_Ground,J5,NEUTRIK_NC5FAH,
Conn_01x04,J4,PinHeader_1x04_P1.27mm_Vertical,
FTSH-105-01-S-DV-TR,J3,SAMTEC_FTSH-105-01-S-DV-TR,
USB_C_Receptacle_USB2.0_EDITED,J2,AMPHENOL_GSB1C41110SSHR,
Screw_Terminal_01x02,J1,PinHeader_1x02_P2.54mm_Horizontal,
LED,D39,LED_LTST-C230K,
LED,D38,LED_LTST-C230K,
LED,D37,LED_LTST-C230K,
LED,D18,LED_SunLED_XZ_Reverse_Mount,
LED,D17,LED_SunLED_XZ_Reverse_Mount,
LED,D16,LED_SunLED_XZ_Reverse_Mount,
LED,D15,LED_SunLED_XZ_Reverse_Mount,
LED,D14,LED_SunLED_XZ_Reverse_Mount,
LED,D13,LED_SunLED_XZ_Reverse_Mount,
LED,D12,LED_SunLED_XZ_Reverse_Mount,
LED,D11,LED_SunLED_XZ_Reverse_Mount,
LED,D10,LED_SunLED_XZ_Reverse_Mount,
LED,D9,LED_SunLED_XZ_Reverse_Mount,
LED,D8,LED_SunLED_XZ_Reverse_Mount,
LED,D7,LED_SunLED_XZ_Reverse_Mount,
LED,D6,LED_SunLED_XZ_Reverse_Mount,
LED,D5,LED_SunLED_XZ_Reverse_Mount,
LED,D4,LED_SunLED_XZ_Reverse_Mount,
LED,D3,D_0805_2012Metric,
LED,D2,D_0805_2012Metric,
D,D1,D_SOD-123F,
10uF,C10,C_1206_3216Metric,
1uF,C9,C_0603_1608Metric,
0.1uF,C8,C_0603_1608Metric,
0.1uF,C7,C_0603_1608Metric,
10uF,C6,C_1206_3216Metric,
1uF,C5,C_0603_1608Metric,
22uF,C4,C_1206_3216Metric,
10uF,C3,C_1206_3216Metric,
1uF,C2,C_0603_1608Metric,
10uF,C1,C_1206_3216Metric,
120R,R135,R_0603_1608Metric,
NMOS,Q34,TSOT-23,
10k,R106,R_0603_1608Metric,
AT42QT2120-SU,U12,TSSOP-20_4.4x6.5mm_P0.65mm,
47k,R134,R_0603_1608Metric,
10k,R130,R_0603_1608Metric,
10k,R129,R_0603_1608Metric,
10k,R128,R_0603_1608Metric,
10k,R127,R_0603_1608Metric,
10k,R126,R_0603_1608Metric,
10k,R125,R_0603_1608Metric,
10k,R124,R_0603_1608Metric,
10k,R123,R_0603_1608Metric,
10k,R122,R_0603_1608Metric,
74HC595,U9,TSSOP-16_4.4x5mm_P0.65mm,
74HC595,U7,TSSOP-16_4.4x5mm_P0.65mm,
AT42QT2120-SU,U10,TSSOP-20_4.4x6.5mm_P0.65mm,
AT42QT2120-SU,U11,TSSOP-20_4.4x6.5mm_P0.65mm,
470R 1/2W,R93,R_1206_3216Metric,
470R 1/2W,R71,R_1206_3216Metric,
470R 1/2W,R69,R_1206_3216Metric,
470R 1/2W,R67,R_1206_3216Metric,
470R 1/2W,R63,R_1206_3216Metric,
470R 1/2W,R61,R_1206_3216Metric,
10k,R105,R_0603_1608Metric,
10k,R104,R_0603_1608Metric,
10k,R103,R_0603_1608Metric,
10k,R102,R_0603_1608Metric,
470R 1/2W,R77,R_1206_3216Metric,
470R 1/2W,R75,R_1206_3216Metric,
47k,R121,R_0603_1608Metric,
10k,R120,R_0603_1608Metric,
10k,R118,R_0603_1608Metric,
10k,R117,R_0603_1608Metric,
10k,R116,R_0603_1608Metric,
10k,R115,R_0603_1608Metric,
10k,R114,R_0603_1608Metric,
10k,R113,R_0603_1608Metric,
10k,R112,R_0603_1608Metric,
10k,R111,R_0603_1608Metric,
10k,R110,R_0603_1608Metric,
NMOS,Q36,TSOT-23,
NMOS,Q35,TSOT-23,
NMOS,Q33,TSOT-23,
NMOS,Q32,TSOT-23,
NMOS,Q25,TSOT-23,
NMOS,Q24,TSOT-23,
NMOS,Q23,TSOT-23,
NMOS,Q22,TSOT-23,
NMOS,Q21,TSOT-23,
NMOS,Q20,TSOT-23,
NMOS,Q31,TSOT-23,
NMOS,Q30,TSOT-23,
NMOS,Q29,TSOT-23,
NMOS,Q28,TSOT-23,
NMOS,Q27,TSOT-23,
NMOS,Q26,TSOT-23,
NMOS,Q19,TSOT-23,
LED,D36,LED_LTST-C230K,
LED,D35,LED_LTST-C230K,
LED,D34,LED_LTST-C230K,
LED,D27,LED_SunLED_XZ_Reverse_Mount_Cut_Pads,
LED,D26,LED_SunLED_XZ_Reverse_Mount_Cut_Pads,
LED,D25,LED_SunLED_XZ_Reverse_Mount_Cut_Pads,
LED,D24,LED_SunLED_XZ_Reverse_Mount_Cut_Pads,
LED,D23,LED_SunLED_XZ_Reverse_Mount_Cut_Pads,
LED,D22,LED_SunLED_XZ_Reverse_Mount_Cut_Pads,
LED,D33,LED_SunLED_XZ_Reverse_Mount,
LED,D32,LED_SunLED_XZ_Reverse_Mount,
LED,D31,LED_SunLED_XZ_Reverse_Mount,
LED,D30,LED_SunLED_XZ_Reverse_Mount,
LED,D29,LED_SunLED_XZ_Reverse_Mount,
LED,D28,LED_SunLED_XZ_Reverse_Mount,
LED,D21,LED_SunLED_XZ_Reverse_Mount,
LED,D20,LED_SunLED_XZ_Reverse_Mount,
LED,D19,LED_SunLED_XZ_Reverse_Mount,
MountingHole,H1,MountingHole_3.2mm_M3,
MountingHole,H2,MountingHole_3.2mm_M3,
MountingHole,H3,MountingHole_3.2mm_M3,
MountingHole,H4,MountingHole_3.2mm_M3,
0.1uF,C19,C_0603_1608Metric,
0.1uF,C18,C_0603_1608Metric,
0.1uF,C17,C_0603_1608Metric,
0.1uF,C16,C_0603_1608Metric,
0.1uF,C15,C_0603_1608Metric,
0.1uF,C14,C_0603_1608Metric,
0.1uF,C13,C_0603_1608Metric,
0.1uF,C12,C_0603_1608Metric,
0.1uF,C11,C_0603_1608Metric,
